feature,coverage_before_pct,coverage_after_pct,coverage_change_pp
Price,100.0,100.0,0.0
Area,100.0,100.0,0.0
Floors,74.24242424242425,74.99331729484095,0.7508930524166999
Bedrooms,73.25268817204301,74.67254744720663,1.419859275163617
Bathrooms,43.95161290322581,45.60278000534617,1.651167102120361
Width,91.56891495601172,91.86046511627907,0.2915501602673487
Length,72.82502443792767,74.16466185511895,1.339637417191284
Position,73.10606060606061,74.45870088211709,1.3526402760564764
Alley Width,30.93841642228739,30.473135525260624,-0.46528089702676567
Location,100.0,100.0,0.0
Latitude,62.76881720430107,61.02646351242983,-1.7423536918712443
Longitude,62.76881720430107,61.02646351242983,-1.7423536918712443
