column,non_missing_n,coverage_pct,unique_n
Price,8184,100.0,818
Area,8184,100.0,1439
Last Updated Date,8184,100.0,113
Location,8184,100.0,2265
Listing ID,8184,100.0,8184
Title,8184,100.0,7800
Description,7582,92.64418377321603,7112
Width,7494,91.56891495601172,274
Floors,6076,74.24242424242425,26
Bedrooms,5995,73.25268817204301,49
Position,5983,73.10606060606061,2
Length,5960,72.82502443792767,323
Longitude,5137,62.76881720430107,4708
Latitude,5137,62.76881720430107,4706
Bathrooms,3597,43.95161290322581,30
Alley Width,2532,30.93841642228739,61
