ward,n,mae_billion,medae_billion,mape_pct,mean_signed_error_billion
Phường Hiệp Bình,16,8.591856048583985,3.9858486328125,33.296884893876836,-3.8621978454589843
,44,6.578568348277699,3.84754443359375,70.56069748231843,0.3625047607421875
Phường 12,18,6.309945285373264,2.03295458984375,19.0773122203995,-3.3904249945746527
Phường Tân Phú,24,5.586521998087566,2.00634033203125,25.093730465100045,-1.5982968190511067
Phường Thủ Đức,32,5.4088651504516605,3.085640625,26.881699954656224,-2.5942866287231445
Phường 13,16,5.213423858642578,4.58421630859375,63.46103645691154,2.1226094665527344
Phường Tân Hưng,16,4.130474212646484,1.9386806640625,30.613934695007384,-0.5601238708496094
Phường Tân Sơn Nhì,26,4.050164532001202,1.92987109375,25.54064124853832,-1.2202681603064904
Phường 10,15,3.4761660644531247,1.4513447265625,16.849200429829246,-1.7188727376302084
Phường An Phú Đông,27,2.894692084418403,1.0536220703125,21.236641811321025,1.1392419795283566
Phường Đông Hưng Thuận,19,2.8940752210115135,1.3623408203125,33.984600008506426,0.1529797234786184
Phường Thủ Dầu Một,34,2.7457034912109375,1.65852978515625,39.609899381121934,-0.7833331873276654
Phường An Lạc,16,2.2834477844238283,1.653358154296875,23.1133823301641,0.25370968627929685
Phường Phú Thọ Hòa,85,2.1965333036534926,1.2349375,19.13282386773228,-1.4967184311810662
Phường Bình Tân,25,2.162903720703125,1.3412236328125,26.965035458317608,-0.042260947265625
Phường Tây Thạnh,41,2.1042170648342227,1.11213134765625,18.570846954631158,-0.9485436654439786
Phường Bình Dương,23,2.05047144085428,0.8413935546875,30.00955300891837,-1.2847758523692254
Phường Phú Lợi,66,1.9242422799775094,0.6319609375,24.616396670791325,-1.3389646329012785
Phường Phú Thạnh,28,1.6824498508998327,1.117645751953125,17.15107454761503,0.5196411786760602
Phường Thới An,27,1.543048412181713,0.94216259765625,25.135725665358372,0.34566639539930555
Phường Bình Trị Đông,73,1.27810280661387,0.67634033203125,25.240754725769683,-0.0028533015839041095
Phường Chánh Hiệp,20,1.1986767456054688,0.6100538330078125,21.5190252619583,-0.9651932495117187
Phường Bình Hưng Hòa,23,0.9847957710597827,0.59026513671875,12.996470298419146,-0.15729776664402176
