feature,importance_mae_million,importance_std_million,importance_mae_billion
area,3897.4526474661566,237.68330888197698,3.8974526474661566
ward,1440.3944868741391,100.04892721147418,1.4403944868741392
district,1062.677515920513,48.92617623820845,1.062677515920513
distance_to_center_km,769.465312721798,64.26938600892068,0.769465312721798
floors,547.1745907505117,50.32684566176188,0.5471745907505117
latitude,350.90380474490667,102.57868460874718,0.3509038047449067
width,317.57277776581833,37.180326295840466,0.3175727777658183
position,195.28125396300476,41.29166165796625,0.19528125396300475
alley_width,151.28342939133563,9.354043497444486,0.15128342939133563
location_regime,128.23520458886597,4.36189037023433,0.12823520458886598
longitude,122.56525456512009,19.178581998416195,0.12256525456512009
total_rooms_known,116.13818659454373,37.434708444890845,0.11613818659454372
bedrooms,101.84355504629075,18.395129607287917,0.10184355504629075
footprint_from_dimensions,93.33504129026332,35.36991532881239,0.09333504129026332
direction,54.306052257510416,24.658891187296,0.054306052257510416
length,52.375687491519784,14.187010436501495,0.05237568749151979
road_type,52.013948127374896,18.96440467022815,0.05201394812737489
bathrooms,46.79587226210297,23.487583950451317,0.04679587226210297
lot_shape_ratio,15.360334487334148,6.37357349552193,0.015360334487334149
coordinate_missing,9.995796051738944,7.312313495791408,0.009995796051738944
